{
  "frame_width": 1920,
  "polynomial_degree": 5,
  "polynomial_coeffs": [
    8.482333741494924e-13,
    -2.3966870998772826e-09,
    2.494213501615269e-06,
    -0.0011599183152224875,
    0.7568130796210042,
    236.64318376814782
  ],
  "calibration_points": [
    [
      292,
      404.66
    ],
    [
      352,
      435.8
    ],
    [
      450,
      487.7
    ],
    [
      553,
      542.4
    ],
    [
      561,
      546.07
    ],
    [
      683,
      611.0
    ],
    [
      719,
      630.0
    ],
    [
      756,
      650.0
    ],
    [
      967,
      759.0
    ],
    [
      213,
      365.0
    ],
    [
      865,
      709.0
    ],
    [
      1052,
      811.0
    ]
  ],
  "nm_min": 300.0,
  "nm_max": 850.0
}